CREATE TABLE IF NOT EXISTS [villager] (
[name] VARCHAR NULL,
[gender] VARCHAR NULL,
[personality] VARCHAR NULL,
[species] VARCHAR NULL,
[birthday] VARCHAR NULL,
[sign] VARCHAR NULL,
[phrase] VARCHAR NULL,
[hobby] VARCHAR NULL,
[portrait] VARCHAR NULL
);

INSERT INTO villager VALUES
('Admiral','Male','Cranky','Bird','January 27th','Aquarius','\"aye aye\"','Nature','https://cdn.acnh.host/assets/images/villager/NH-Admiral_poster.png'),
('Agent S','Male','Peppy','Squirrel','July 2nd','Cancer','\"sidekick\"','Fitness','https://cdn.acnh.host/assets/images/villager/NH-Agent_S_poster.png'),
('Agnes','Female','Sisterly','Pig','April 21st','Taurus','\"snuffle\"','Play','https://cdn.acnh.host/assets/images/villager/NH-Agnes_poster.png'),
('Al','Male','Lazy','Gorilla','October 18th','Libra','\"Ayyeeee\"','Fitness','https://cdn.acnh.host/assets/images/villager/NH-Al_poster.png'),
('Alfonso','Male','Lazy','Alligator','June 9th','Gemini','\"it''sa me\"','Play','https://cdn.acnh.host/assets/images/villager/NH-Alfonso_poster.png'),
('Alice','Female','Normal','Koala','August 19th','Leo','\"guvnor\"','Education','https://cdn.acnh.host/assets/images/villager/NH-Alice_poster.png'),
('Alli','Female','Snooty','Alligator','November 8th','Scorpio','\"graaagh\"','Fashion','https://cdn.acnh.host/assets/images/villager/NH-Alli_poster.png'),
('Amelia','Female','Snooty','Eagle','November 19th','Scorpio','\"cuz\"','Music','https://cdn.acnh.host/assets/images/villager/NH-Amelia_poster.png'),
('Anabelle','Female','Peppy','Anteater','February 16th','Aquarius','\"snorty\"','Fashion','https://cdn.acnh.host/assets/images/villager/NH-Anabelle_poster.png'),
('Anchovy','Male','Lazy','Bird','March 4th','Pisces','\"chuurp\"','Play','https://cdn.acnh.host/assets/images/villager/NH-Anchovy_poster.png'),
('Angus','Male','Cranky','Bull','April 30th','Taurus','\"macmoo\"','Fitness','https://cdn.acnh.host/assets/images/villager/NH-Angus_poster.png'),
('Anicotti','Female','Peppy','Mouse','February 24th','Pisces','\"cannoli\"','Fashion','https://cdn.acnh.host/assets/images/villager/NH-Anicotti_poster.png'),
('Ankha','Female','Snooty','Cat','September 22nd','Virgo','\"me meow\"','Nature','https://cdn.acnh.host/assets/images/villager/NH-Ankha_poster.png'),
('Annalisa','Female','Normal','Anteater','February 6th','Aquarius','\"gumdrop\"','Nature','https://cdn.acnh.host/assets/images/villager/NH-Annalisa_poster.png'),
('Annalise','Female','Snooty','Horse','December 2nd','Sagittarius','\"nipper\"','Fashion','https://cdn.acnh.host/assets/images/villager/NH-Annalise_poster.png'),
('Antonio','Male','Jock','Anteater','October 20th','Libra','\"honk\"','Fitness','https://cdn.acnh.host/assets/images/villager/NH-Antonio_poster.png'),
('Apollo','Male','Cranky','Eagle','July 4th','Cancer','\"pah\"','Music','https://cdn.acnh.host/assets/images/villager/NH-Apollo_poster.png'),
('Apple','Female','Peppy','Hamster','September 24th','Libra','\"cheekers\"','Play','https://cdn.acnh.host/assets/images/villager/NH-Apple_poster.png'),
('Astrid','Female','Snooty','Kangaroo','September 8th','Virgo','\"my pet\"','Music','https://cdn.acnh.host/assets/images/villager/NH-Astrid_poster.png'),
('Audie','Female','Peppy','Wolf','August 31st','Virgo','\"Foxtrot\"','Fitness','https://cdn.acnh.host/assets/images/villager/NH-Audie_poster.png'),
('Aurora','Female','Normal','Penguin','January 27th','Aquarius','\"b-b-baby\"','Education','https://cdn.acnh.host/assets/images/villager/NH-Aurora_poster.png'),
('Ava','Female','Normal','Chicken','April 28th','Taurus','\"beaker\"','Music','https://cdn.acnh.host/assets/images/villager/NH-Ava_poster.png'),
('Avery','Male','Cranky','Eagle','February 22nd','Pisces','\"skree-haw\"','Music','https://cdn.acnh.host/assets/images/villager/NH-Avery_poster.png'),
('Axel','Male','Jock','Elephant','March 23rd','Aries','\"WHONK\"','Fitness','https://cdn.acnh.host/assets/images/villager/NH-Axel_poster.png'),
('Baabara','Female','Snooty','Sheep','March 28th','Aries','\"daahling\"','Fashion','https://cdn.acnh.host/assets/images/villager/NH-Baabara_poster.png'),
('Bam','Male','Jock','Deer','November 7th','Scorpio','\"kablang\"','Play','https://cdn.acnh.host/assets/images/villager/NH-Bam_poster.png'),
('Bangle','Female','Peppy','Tiger','August 27th','Virgo','\"growf\"','Fashion','https://cdn.acnh.host/assets/images/villager/NH-Bangle_poster.png'),
('Barold','Male','Lazy','Cub','March 2nd','Pisces','\"cubby\"','Play','https://cdn.acnh.host/assets/images/villager/NH-Barold_poster.png'),
('Bea','Female','Normal','Dog','October 15th','Libra','\"bingo\"','Nature','https://cdn.acnh.host/assets/images/villager/NH-Bea_poster.png'),
('Beardo','Male','Smug','Bear','September 27th','Libra','\"whiskers\"','Education','https://cdn.acnh.host/assets/images/villager/NH-Beardo_poster.png'),
('Beau','Male','Lazy','Deer','April 5th','Aries','\"saltlick\"','Nature','https://cdn.acnh.host/assets/images/villager/NH-Beau_poster.png'),
('Becky','Female','Snooty','Chicken','December 9th','Sagittarius','\"chicklet\"','Music','https://cdn.acnh.host/assets/images/villager/NH-Becky_poster.png'),
('Bella','Female','Peppy','Mouse','December 28th','Capricorn','\"eeks\"','Music','https://cdn.acnh.host/assets/images/villager/NH-Bella_poster.png'),
('Benedict','Male','Lazy','Chicken','October 10th','Libra','\"uh-hoo\"','Play','https://cdn.acnh.host/assets/images/villager/NH-Benedict_poster.png'),
('Benjamin','Male','Lazy','Dog','August 3rd ','Leo','\"alrighty\"','Nature','https://cdn.acnh.host/assets/images/villager/NH-Benjamin_poster.png'),
('Bertha','Female','Normal','Hippo','April 15th','Aries','\"bloop\"','Education','https://cdn.acnh.host/assets/images/villager/NH-Bertha_poster.png'),
('Bettina','Female','Normal','Mouse','June 12th','Gemini','\"eekers\"','Education','https://cdn.acnh.host/assets/images/villager/NH-Bettina_poster.png'),
('Biance','Female','Peppy','Tiger','December 13th','Sagittarius','\"glimmer\"','Play','https://cdn.acnh.host/assets/images/villager/NH-Bianca_poster.png'),
('Biff','Male','Jock','Hippo','March 29th','Aries','\"squirt\"','Fitness','https://cdn.acnh.host/assets/images/villager/NH-Biff_poster.png'),
('Big Top','Male','Lazy','Elephant','October 3rd','Libra','\"villian\"','Play','https://cdn.acnh.host/assets/images/villager/NH-Big_Top_poster.png'),
('Bill','Male','Jock','Duck','February 1st','Aquarius','\"quacko\"','Play','https://cdn.acnh.host/assets/images/villager/NH-Bill_poster.png'),
('Billy','Male','Jock','Goat','March 25th','Aries','\"dagnaabit\"','Play','https://cdn.acnh.host/assets/images/villager/NH-Billy_poster.png'),
('Biskit','Male','Lazy','Dog','May 13th','Taurus','\"dog\"','Play','https://cdn.acnh.host/assets/images/villager/NH-Biskit_poster.png'),
('Bitty','Female','Snooty','Hippo','October 6th','Libra','\"my dear\"','Education','https://cdn.acnh.host/assets/images/villager/NH-Bitty_poster.png'),
('Blaire','Female','Snooty','Squirrel','July 3rd','Cancer','\"nutlet\"','Fashion','https://cdn.acnh.host/assets/images/villager/NH-Blaire_poster.png'),
('Blanche','Female','Snooty','Ostrich','December 21st','Sagittarius','\"quite so\"','Nature','https://cdn.acnh.host/assets/images/villager/NH-Blanche_poster.png'),
('Bluebear','Female','Peppy','Cub','June 24th','Cancer','\"peach\"','Fashion','https://cdn.acnh.host/assets/images/villager/NH-Bluebear_poster.png'),
('Bob','Male','Lazy','Cat','January 1st','Capricorn','\"pthhhpth\"','Play','https://cdn.acnh.host/assets/images/villager/NH-Bob_poster.png'),
('Bonbon','Female','Peppy','Rabbit','March 3rd','Pisces','\"deelish\"','Play','https://cdn.acnh.host/assets/images/villager/NH-Bonbon_poster.png'),
('Bones','Male','Lazy','Dog','August 4th','Leo','\"yip yip\"','Play','https://cdn.acnh.host/assets/images/villager/NH-Bones_poster.png'),
('Boomer','Male','Lazy','Penguin','February 4th','Aquarius','\"human\"','Fitness','https://cdn.acnh.host/assets/images/villager/NH-Boomer_poster.png'),
('Boone','Male','Jock','Gorilla','Septmber 12th','Virgo','\"baboom\"','Fitness','https://cdn.acnh.host/assets/images/villager/NH-Boone_poster.png'),
('Boots','Male','Jock','Alligator','August 7th','Leo','\"munchie\"','Play','https://cdn.acnh.host/assets/images/villager/NH-Boots_poster.png'),
('Boris','Male','Cranky','Pig','November 6th','Scorpio','\"schnort\"','Nature','https://cdn.acnh.host/assets/images/villager/NH-Boris_poster.png'),
('Boyd','Male','Cranky','Gorilla','October 1st','Libra','\"uh-oh\"','Fitness','https://cdn.acnh.host/assets/images/villager/NH-Boyd_poster.png'),
('Bree','Female','Snooty','Mouse','July 7th','Cancer','\"cheeseball\"','Fashion','https://cdn.acnh.host/assets/images/villager/NH-Bree_poster.png'),
('Broccolo','Male','Lazy','Mouse','June 30th','Cancer','\"eat it\"','Play','https://cdn.acnh.host/assets/images/villager/NH-Broccolo_poster.png'),
('Broffina','Female','Snooty','Chicken','October 24th','Scorpio','\"cluckadoo\"','Music','https://cdn.acnh.host/assets/images/villager/NH-Broffina_poster.png'),
('Bruce','Male','Cranky','Deer','May 26th','Gemini','\"gruff\"','Nature','https://cdn.acnh.host/assets/images/villager/NH-Bruce_poster.png'),
('Bubbles','Female','Peppy','Hippo','September 18th','Virgo','\"hipster\"','Fashion','https://cdn.acnh.host/assets/images/villager/NH-Bubbles_poster.png'),
('Buck','Male','Jock','Horse','April 4th','Aries','\"pardner\"','Fashion','https://cdn.acnh.host/assets/images/villager/NH-Buck_poster.png'),
('Bud','Male','Jock','Lion','August 8th','Leo','\"shredded\"','Fitness','https://cdn.acnh.host/assets/images/villager/NH-Bud_poster.png'),
('Bunnie','Female','Peppy','Rabbit','May 9th','Taurus','\"tee-hee\"','Fashion','https://cdn.acnh.host/assets/images/villager/NH-Bunnie_poster.png'),
('Butch','Male','Cranky','Dog','November 1st','Scorpio','\"ROOOOOWF\"','Music','https://cdn.acnh.host/assets/images/villager/NH-Butch_poster.png'),
('Buzz','Male','Cranky','Eagle','December 7th','Sagittarius','\"captain\"','Nature','https://cdn.acnh.host/assets/images/villager/NH-Buzz_poster.png'),
('Cally','Female','Normal','Squirrel','September 4th','Virgo','\"WHEE\"','Nature','https://cdn.acnh.host/assets/images/villager/NH-Cally_poster.png'),
('Camofrog','Male','Cranky','Frog','June 5th','Gemini','\"ten-hut\"','Music','https://cdn.acnh.host/assets/images/villager/NH-Camofrog_poster.png'),
('Canberra','Female','Sisterly','Koala','May 14th','Taurus','\"nuh-uh\"','Play','https://cdn.acnh.host/assets/images/villager/NH-Canberra_poster.png'),
('Candi','Female','Peppy','Mouse','April 13th','Aries','\"sweetie\"','Play','https://cdn.acnh.host/assets/images/villager/NH-Candi_poster.png'),
('Carmen','Female','Peppy','Rabbit','January 6th','Capricorn','\"nougat\"','Fashion','https://cdn.acnh.host/assets/images/villager/NH-Carmen_poster.png'),
('Caroline','Female','Normal','Squirrel','July 15th','Cancer','\"hulaaa\"','Music','https://cdn.acnh.host/assets/images/villager/NH-Caroline_poster.png'),
('Carrie','Female','Normal','Kangaroo','December 5th','Sagittarius','\"little one\"','Nature','https://cdn.acnh.host/assets/images/villager/NH-Carrie_poster.png'),
('Cashmere','Female','Snooty','Sheep','April 2nd','Aries','\"baaaby\"','Fashion','https://cdn.acnh.host/assets/images/villager/NH-Cashmere_poster.png'),
('Celia','Female','Normal','Eagle','March 25th','Aries','\"feathers\"','Nature','https://cdn.acnh.host/assets/images/villager/NH-Celia_poster.png'),
('Cesar','Male','Cranky','Gorilla','September 6th','Virgo','\"highness\"','Fitness','https://cdn.acnh.host/assets/images/villager/NH-Cesar_poster.png'),
('Chadder','Male','Smug','Mouse','December 15th','Sagittarius','\"fromage\"','Fitness','https://cdn.acnh.host/assets/images/villager/NH-Chadder_poster.png'),
('Charlise','Female','Sisterly','Bear','April 17th','Aries','\"urgh\"','Fitness','https://cdn.acnh.host/assets/images/villager/NH-Charlise_poster.png'),
('Cheri','Female','Peppy','Cub','March 17th','Pisces','\"tralala\"','Fashion','https://cdn.acnh.host/assets/images/villager/NH-Cheri_poster.png'),
('Cherry','Female','Sisterly','Dog','May 11th','Taurus','\"what what\"','Music','https://cdn.acnh.host/assets/images/villager/NH-Cherry_poster.png'),
('Chester','Male','Lazy','Cub','August 6th','Leo','\"rookie\"','Play','https://cdn.acnh.host/assets/images/villager/NH-Chester_poster.png'),
('Chevre','Female','Normal','Goat','March 6th','Pisces','\"la baa\"','Education','https://cdn.acnh.host/assets/images/villager/NH-Chevre_poster.png'),
('Chief','Male','Cranky','Wolf','December 19th','Sagittarius','\"harrumph\"','Music','https://cdn.acnh.host/assets/images/villager/NH-Chief_poster.png'),
('Chops','Male','Smug','Pig','October 13th','Libra','\"zoink\"','Education','https://cdn.acnh.host/assets/images/villager/NH-Chops_poster.png'),
('Chow','Male','Cranky','Bear','July 22nd','Cancer','\"aiya\"','Fitness','https://cdn.acnh.host/assets/images/villager/NH-Chow_poster.png'),
('Chrissy','Female','Peppy','Rabbit','August 28th','Virgo','\"sparkles\"','Fashion','https://cdn.acnh.host/assets/images/villager/NH-Chrissy_poster.png'),
('Claude','Male','Lazy','Rabbit','December 3rd','Sagittarius','\"hopalong\"','Music','https://cdn.acnh.host/assets/images/villager/NH-Claude_poster.png'),
('Claudia','Female','Snooty','Tiger','November 22nd','Sagittarius','\"ohh la la\"','Music','https://cdn.acnh.host/assets/images/villager/NH-Claudia_poster.png'),
('Clay','Male','Lazy','Hamster','October 19th','Libra','\"thump\"','Nature','https://cdn.acnh.host/assets/images/villager/NH-Clay_poster.png'),
('Cleo','Female','Snooty','Horse','February 9th','Aquarius','\"sugar\"','Education','https://cdn.acnh.host/assets/images/villager/NH-Cleo_poster.png'),
('Clyde','Male','Lazy','Horse','May 1st','Taurus','\"clip-clawp\"','Play','https://cdn.acnh.host/assets/images/villager/NH-Clyde_poster.png'),
('Coach','Male','Jock','Bull','April 29th','Taurus','\"stubble\"','Fitness','https://cdn.acnh.host/assets/images/villager/NH-Coach_poster.png'),
('Cobb','Male','Jock','Pig','October 7th','Libra','\"hot dog\"','Education','https://cdn.acnh.host/assets/images/villager/NH-Cobb_poster.png'),
('Coco','Female','Normal','Rabbit','March 1st','Pisces','\"doyoing\"','Education','https://cdn.acnh.host/assets/images/villager/NH-Coco_poster.png'),
('Cole','Male','Lazy','Rabbit','August 10th','Leo','\"duuude\"','Nature','https://cdn.acnh.host/assets/images/villager/NH-Cole_poster.png'),
('Colton','Male','Smug','Horse','May 22nd','Gemini','\"check it\"','Nature','https://cdn.acnh.host/assets/images/villager/NH-Colton_poster.png'),
('Cookie','Female','Peppy','Dog','June 18th','Gemini','\"arfer\"','Fashion','https://cdn.acnh.host/assets/images/villager/NH-Cookie_poster.png'),
('Cousteau','Male','Jock','Frog','December 17th','Sagittarius','\"oui oui\"','Fitness','https://cdn.acnh.host/assets/images/villager/NH-Cousteau_poster.png'),
('Cranston','Male','Lazy','Ostrich','September 23rd','Libra','\"sweatband\"','Nature','https://cdn.acnh.host/assets/images/villager/NH-Cranston_poster.png'),
('Croque','Male','Cranky','Frog','July 18th','Cancer','\"as if\"','Nature','https://cdn.acnh.host/assets/images/villager/NH-Croque_poster.png'),
('Cube','Male','Lazy','Penguin','January 29th','Aquarius','\"brainfreeze\"','Play','https://cdn.acnh.host/assets/images/villager/NH-Cube_poster.png'),
('Curlos','Male','Smug','Sheep','May 8th','Taurus','\"shearly\"','Nature','https://cdn.acnh.host/assets/images/villager/NH-Curlos_poster.png'),
('Curly','Male','Jock','Pig','July 26th','Leo','\"nyoink\"','Fitness','https://cdn.acnh.host/assets/images/villager/NH-Curly_poster.png'),
('Curt','Male','Cranky','Bear','July 1st','Cancer','\"fuzzball\"','Nature','https://cdn.acnh.host/assets/images/villager/NH-Curt_poster.png'),
('Cyd','Male','Cranky','Elephant','June 9th','Gemini','\"rockin','Music','https://cdn.acnh.host/assets/images/villager/NH-Cyd_poster.png'),
('Cyrano','Male','Cranky','Anteater','March 9th','Aries','\"ah-CHOO\"','Education','https://cdn.acnh.host/assets/images/villager/NH-Cyrano_poster.png'),
('Daisy','Female','Normal','Dog','November 16th','Scorpio','\"bow-WOW\"','Education','https://cdn.acnh.host/assets/images/villager/NH-Daisy_poster.png'),
('Deena','Female','Normal','Duck','June 27th','Cancer','\"woowoo\"','Play','https://cdn.acnh.host/assets/images/villager/NH-Deena_poster.png'),
('Deirdre','Female','Sisterly','Deer','May 4th','Taurus','\"whatevs\"','Play','https://cdn.acnh.host/assets/images/villager/NH-Deirdre_poster.png'),
('Del','Male','Cranky','Alligator','May 27th','Gemini','\"gronk\"','Fitness','https://cdn.acnh.host/assets/images/villager/NH-Del_poster.png'),
('Deli','Male','Lazy','Monkey','May 24th','Gemini','\"monch\"','Nature','https://cdn.acnh.host/assets/images/villager/NH-Deli_poster.png'),
('Derwin','Male','Lazy','Duck','May 25th','Gemini','\"derrrrr\"','Play','https://cdn.acnh.host/assets/images/villager/NH-Derwin_poster.png'),
('Diana','Female','Snooty','Deer','January 4th','Capricorn','\"no doy\"','Education','https://cdn.acnh.host/assets/images/villager/NH-Diana_poster.png'),
('Diva','Female','Sisterly','Frog','October 2nd','Libra','\"ya know\"','Fitness','https://cdn.acnh.host/assets/images/villager/NH-Diva_poster.png'),
('Dizzy','Male','Lazy','Elephant','January 14th','Capricorn','\"woo-oo\"','Play','https://cdn.acnh.host/assets/images/villager/NH-Dizzy_poster.png'),
('Dobie','Male','Cranky','Wolf','February 17th','Aquarius','\"ohmmm\"','Nature','https://cdn.acnh.host/assets/images/villager/NH-Dobie_poster.png'),
('Doc','Male','Lazy ','Rabbit','March 16th','Pisces','\"ol'' bunny\"','Education','https://cdn.acnh.host/assets/images/villager/NH-Doc_poster.png'),
('Dom','Male','Jock','Sheep','March 18th','Pisces','\"indeedaroo\"','Play','https://cdn.acnh.host/assets/images/villager/NH-Dom_poster.png'),
('Dora','Female','Normal','Mouse','February 18th','Aquarius','\"squeaky\"','Education','https://cdn.acnh.host/assets/images/villager/NH-Dora_poster.png'),
('Dotty','Female','Peppy','Rabbit','March 14th','Pisces','\"wee one\"','Fashion','https://cdn.acnh.host/assets/images/villager/NH-Dotty_poster.png'),
('Drago','Male','Lazy','Alligator','February 12th','Aquarius','\"burrrn\"','Nature','https://cdn.acnh.host/assets/images/villager/NH-Drago_poster.png'),
('Drake','Male','Lazy','Duck','June 25th','Cancer','\"quacko\"','Play','https://cdn.acnh.host/assets/images/villager/NH-Drake_poster.png'),
('Drift','Male','Jock','Frog','October 9th','Libra','\"brah\"','Fitness','https://cdn.acnh.host/assets/images/villager/NH-Drift_poster.png'),
('Ed','Male','Smug','Horse','September 16th','Virgo','\"greenhorn\"','Nature','https://cdn.acnh.host/assets/images/villager/NH-Ed_poster.png'),
('Egbert','Male','Lazy','Chicken','October 14th','Libra','\"doodle-duh\"','Play','https://cdn.acnh.host/assets/images/villager/NH-Egbert_poster.png'),
('Elise','Female','Snooty','Monkey','March 21st','Aries','\"puh-lease\"','Fashion','https://cdn.acnh.host/assets/images/villager/NH-Elise_poster.png'),
('Ellie','Female','Normal','Elephant','May 12th','Taurus','\"li''l one\"','Nature','https://cdn.acnh.host/assets/images/villager/NH-Ellie_poster.png'),
('Elmer','Male','Lazy','Horse','October 5th','Libra','\"tenderfoot\"','Play','https://cdn.acnh.host/assets/images/villager/NH-Elmer_poster.png'),
('Eloise','Female','Snooty','Elephant','December 8th','Sagittarius','\"tooooot\"','Fashion','https://cdn.acnh.host/assets/images/villager/NH-Eloise_poster.png'),
('Elvis','Male','Cranky','Lion','July 23rd','Leo','\"unh-hunh\"','Education','https://cdn.acnh.host/assets/images/villager/NH-Elvis_poster.png'),
('Erik','Male','Lazy','Deer','July 27th','Leo','\"chow down\"','Nature','https://cdn.acnh.host/assets/images/villager/NH-Erik_poster.png'),
('Eugene','Male','Smug','Koala','October 26th','Scorpio','\"yeah buddy\"','Music','https://cdn.acnh.host/assets/images/villager/NH-Eugene_poster.png'),
('Eunice','Female','Normal','Sheep','April 3rd','Aries','\"lambchop\"','Fashion','https://cdn.acnh.host/assets/images/villager/NH-Eunice_poster.png'),
('Fang','Male','Cranky','Wolf','December 18th','Sagittarius','\"cha-chomp\"','Education','https://cdn.acnh.host/assets/images/villager/NH-Fang_poster.png'),
('Fauna','Female','Normal','Deer','March 26th','Aries','\"dearie\"','Nature','https://cdn.acnh.host/assets/images/villager/NH-Fauna_poster.png'),
('Felicity','Female','Peppy','Cat','March 30th','Aries','\"mimimi\"','Fashion','https://cdn.acnh.host/assets/images/villager/NH-Felicity_poster.png'),
('Filbert','Male','Lazy','Squirrel','June 3rd','Gemini','\"bucko\"','Nature','https://cdn.acnh.host/assets/images/villager/NH-Filbert_poster.png'),
('Flip','Male','Jock','Monkey','November 21st','Scorpio','\"rerack\"','Music','https://cdn.acnh.host/assets/images/villager/NH-Flip_poster.png'),
('Flo','Female','Sisterly','Penguin','September 2nd','Virgo','\"cha\"','Music','https://cdn.acnh.host/assets/images/villager/NH-Flo_poster.png'),
('Flora','Female','Peppy','Ostrich','February 9th','Aquarius','\"pinky\"','Play','https://cdn.acnh.host/assets/images/villager/NH-Flora_poster.png'),
('Flurry','Female','Normal','Hamster','January 30th','Aquarius','\"powderpuff\"','Nature','https://cdn.acnh.host/assets/images/villager/NH-Flurry_poster.png'),
('Francine','Female','Snooty','Rabbit','January 22nd','Aquarius','\"karat\"','Fashion','https://cdn.acnh.host/assets/images/villager/NH-Francine_poster.png'),
('Frank','Male','Cranky','Eagle','July 30th','Leo','\"crushy\"','Education','https://cdn.acnh.host/assets/images/villager/NH-Frank_poster.png'),
('Freckles','Female','Peppy','Duck','February 19th','Pisces','\"ducky\"','Fashion','https://cdn.acnh.host/assets/images/villager/NH-Freckles_poster.png'),
('Freya','Female','Snooty','Wolf','December 14th','Sagittarius','\"uff da\"','Fashion','https://cdn.acnh.host/assets/images/villager/NH-Freya_poster.png'),
('Friga','Female','Snooty','Penguin','October 16th','Libra','\"brrmph\"','Fashion','https://cdn.acnh.host/assets/images/villager/NH-Friga_poster.png'),
('Frita','Female','Sisterly','Sheep','July 16th','Cancer','\"oh ewe\"','Music','https://cdn.acnh.host/assets/images/villager/NH-Frita_poster.png'),
('Frobert','Male','Jock','Frog','February 9th','Aquarius','\"fribbit\"','Fitness','https://cdn.acnh.host/assets/images/villager/NH-Frobert_poster.png'),
('Fuchsia','Female','Sisterly','Deer','September 19th','Virgo','\"precious\"','Music','https://cdn.acnh.host/assets/images/villager/NH-Fuchsia_poster.png'),
('Gabi','Female','Peppy','Rabbit','December 16th','Sagittarius','\"honeybun\"','Fashion','https://cdn.acnh.host/assets/images/villager/NH-Gabi_poster.png'),
('Gala','Female','Normal','Pig','March 5th','Pisces','\"snortie\"','Education','https://cdn.acnh.host/assets/images/villager/NH-Gala_poster.png'),
('Gaston','Male','Cranky','Rabbit','October 28th','Scorpio','\"mon chou\"','Education','https://cdn.acnh.host/assets/images/villager/NH-Gaston_poster.png'),
('Gayle','Female','Normal','Alligator','May 17th','Taurus','\"snacky\"','Nature','https://cdn.acnh.host/assets/images/villager/NH-Gayle_poster.png'),
('Genji','Male','Jock','Rabbit','January 21st','Aquarius','\"mochi\"','Fitness','https://cdn.acnh.host/assets/images/villager/NH-Genji_poster.png'),
('Gigi','Female','Snooty','Frog','August 11th','Leo','\"ribette\"','Fashion','https://cdn.acnh.host/assets/images/villager/NH-Gigi_poster.png'),
('Gladys','Female','Normal','Ostrich','January 15th','Capricorn','\"stretch\"','Education','https://cdn.acnh.host/assets/images/villager/NH-Gladys_poster.png'),
('Gloria','Female','Snooty','Duck','August 12th','Leo','\"quacker\"','Fashion','https://cdn.acnh.host/assets/images/villager/NH-Gloria_poster.png'),
('Goldie','Female','Normal','Dog','December 27th','Capricorn','\"woof\"','Nature','https://cdn.acnh.host/assets/images/villager/NH-Goldie_poster.png'),
('Gonzo','Male','Cranky','Koala','October 13th','Libra','\"mate\"','Nature','https://cdn.acnh.host/assets/images/villager/NH-Gonzo_poster.png'),
('Goose','Male','Jock','Chicken','October 4th','Libra','\"buh-kay\"','Fitness','https://cdn.acnh.host/assets/images/villager/NH-Goose_poster.png'),
('Graham','Male','Smug','Hamster','June 20th','Gemini','\"indeed\"','Education','https://cdn.acnh.host/assets/images/villager/NH-Graham_poster.png'),
('Greta','Female','Snooty','Mouse','September 5th','Virgo','\"yelp\"','Education','https://cdn.acnh.host/assets/images/villager/NH-Greta_poster.png'),
('Grizzly','Male','Cranky','Bear','July 31st','Leo','\"grrr...\"','Education','https://cdn.acnh.host/assets/images/villager/NH-Grizzly_poster.png'),
('Groucho','Male','Cranky','Bear','October 23rd','Scorpio','\"grumble\"','Music','https://cdn.acnh.host/assets/images/villager/NH-Groucho_poster.png'),
('Gruff','Male','Cranky','Goat','August 29th','Virgo','\"bleh eh eh\"','Music','https://cdn.acnh.host/assets/images/villager/NH-Gruff_poster.png'),
('Gwen','Female','Snooty','Penguin','January 23rd','Aquarius','\"h-h-hon\"','Fashion','https://cdn.acnh.host/assets/images/villager/NH-Gwen_poster.png'),
('Hamlet','Male','Jock','Hamster','May 30th','Gemini','\"hammie\"','Play','https://cdn.acnh.host/assets/images/villager/NH-Hamlet_poster.png'),
('Hamphrey','Male','Cranky','Hamster','February 25th','Aquarius','\"snort\"','Nature','https://cdn.acnh.host/assets/images/villager/NH-Hamphrey_poster.png'),
('Hans','Male','Smug','Gorilla','December 5th','Sagittarius','\"groovy\"','Fitness','https://cdn.acnh.host/assets/images/villager/NH-Hans_poster.png'),
('Harry','Male','Cranky','Hippo','January 7th','Capricorn','\"beach bum\"','Education','https://cdn.acnh.host/assets/images/villager/NH-Harry_poster.png'),
('Hazel','Female','Sisterly','Squirrel','August 30th','Leo','\"uni-wow\"','Play','https://cdn.acnh.host/assets/images/villager/NH-Hazel_poster.png'),
('Henry','Male','Smug','Frog','Septmeber 21st','Virgo','\"snoozit\"','Music','https://cdn.acnh.host/assets/images/villager/NH-Henry_poster.png'),
('Hippeux','Male','Smug','Hippo','October 15th','Libra','\"natch\"','Education','https://cdn.acnh.host/assets/images/villager/NH-Hippeux_poster.png'),
('Hopkins','Female','Lazy','Rabbit','March 11th','Pisces','\"thumper\"','Nature','https://cdn.acnh.host/assets/images/villager/NH-Hopkins_poster.png'),
('Hopper','Male','Cranky','Penguin','April 6th','Aries','\"slushie\"','Music','https://cdn.acnh.host/assets/images/villager/NH-Hopper_poster.png'),
('Hornsby','Male','Lazy','Rhino','March 20th','Pisces','\"schnozzle\"','Nature','https://cdn.acnh.host/assets/images/villager/NH-Hornsby_poster.png'),
('Huck','Male','Smug','Frog','July 9th','Gemini','\"hopper\"','Fitness','https://cdn.acnh.host/assets/images/villager/NH-Huck_poster.png'),
('Hugh','Male','Lazy','Pig','Demember 30th','Capricorn','\"snortle\"','Play','https://cdn.acnh.host/assets/images/villager/NH-Hugh_poster.png'),
('Iggly','Male','Jock','Penguin','November 2nd','Scorpio','\"waddler\"','Fitness','https://cdn.acnh.host/assets/images/villager/NH-Iggly_poster.png'),
('Ike','Male','Cranky','Bear','May 16th','Taurus','\"roadie\"','Nature','https://cdn.acnh.host/assets/images/villager/NH-Ike_poster.png'),
('Jacob','Male','Lazy','Bird','August 24th','Virgo','\"chuuuuurp\"','Nature','https://cdn.acnh.host/assets/images/villager/NH-Jacob_poster.png'),
('Jacques','Male','Smug','Bird','June 22nd','Cancer','\"zut alors\"','Music','https://cdn.acnh.host/assets/images/villager/NH-Jacques_poster.png'),
('Jambette','Female','Normal','Frog','October 27th','Scorpio','\"croak-kay\"','Fashion','https://cdn.acnh.host/assets/images/villager/NH-Jambette_poster.png'),
('Jay','Male','Jock','Bird','July 17th','Cancer','\"heeeeeyy\"','Fitness','https://cdn.acnh.host/assets/images/villager/NH-Jay_poster.png'),
('Jeremiah','Male','Lazy','Frog','July 8th','Cancer','\"nee-deep\"','Play','https://cdn.acnh.host/assets/images/villager/NH-Jeremiah_poster.png'),
('Jitters','Male','Jock','Bird','February 2nd','Aquarius','\"bzzert\"','Fitness','https://cdn.acnh.host/assets/images/villager/NH-Jitters_poster.png'),
('Joey','Male','Lazy','Duck','January 3rd','Capricorn','\"bleeeeeck\"','Play','https://cdn.acnh.host/assets/images/villager/NH-Joey_poster.png'),
('Judy','Female','Snooty','Cub','March 10th','Pisces','\"myohmy\"','Music','https://cdn.acnh.host/assets/images/villager/NH-Judy_poster.png'),
('Julia','Female','Snooty','Ostrich','July 31st','Leo','\"dahling\"','Education','https://cdn.acnh.host/assets/images/villager/NH-Julia_poster.png'),
('Julian','Male','Smug','Horse','March 15th','Pisces','\"glitter\"','Music','https://cdn.acnh.host/assets/images/villager/NH-Julian_poster.png'),
('June','Female','Normal','Cub','May 21st','Gemini','\"rainbow\"','Nature','https://cdn.acnh.host/assets/images/villager/NH-June_poster.png'),
('Kabuki','Male','Cranky','Cat','November 29th','Sagittarius','\"meooo-OH\"','Music','https://cdn.acnh.host/assets/images/villager/NH-Kabuki_poster.png'),
('Katt','Female','Sisterly','Cat','April 27th','Taurus','\"purrty\"','Music','https://cdn.acnh.host/assets/images/villager/NH-Katt_poster.png'),
('Keaton','Male','Smug','Eagle','June 1st','Gemini','\"wingo\"','Music','https://cdn.acnh.host/assets/images/villager/NH-Keaton_poster.png'),
('Ken','Male','Smug','Chicken','December 23rd','Capricorn','\"no doubt\"','Education','https://cdn.acnh.host/assets/images/villager/NH-Ken_poster.png'),
('Ketchup','Female','Peppy','Duck','July 27th','Leo','\"bitty\"','Play','https://cdn.acnh.host/assets/images/villager/NH-Ketchup_poster.png'),
('Kevin','Male','Jock','Pig','April 26th','Taurus','\"weeweewee\"','Play','https://cdn.acnh.host/assets/images/villager/NH-Kevin_poster.png'),
('Kid Cat','Male','Jock','Cat','August 1st','Leo','\"psst\"','Fitness','https://cdn.acnh.host/assets/images/villager/NH-Kid_Cat_poster.png'),
('Kidd','Male','Smug','Goat','June 28th','Cancer','\"wut\"','Education','https://cdn.acnh.host/assets/images/villager/NH-Kidd_poster.png'),
('Kiki','Female','Normal','Cat','October 8th','Libra','\"kitty cat\"','Education','https://cdn.acnh.host/assets/images/villager/NH-Kiki_poster.png'),
('Kitt','Female','Normal','Kangaroo','October 11th','Libra','\"child\"','Education','https://cdn.acnh.host/assets/images/villager/NH-Kitt_poster.png'),
('Kitty','Female','Snooty','Cat','February 15th','Aquarius','\"mrowrr\"','Fashion','https://cdn.acnh.host/assets/images/villager/NH-Kitty_poster.png'),
('Klaus','Male','Smug','Bear','March 21st','Gemini','\"strudel\"','Education','https://cdn.acnh.host/assets/images/villager/NH-Klaus_poster.png'),
('Knox','Male','Cranky','Chicken','November 23rd','Sagittarius','\"cluckling\"','Education','https://cdn.acnh.host/assets/images/villager/NH-Knox_poster.png'),
('Kody','Male','Jock','Cub','September 28th','Libra','\"grah-grah\"','Fitness','https://cdn.acnh.host/assets/images/villager/NH-Kody_poster.png'),
('Kyle','Male','Smug','Wolf','December 6th','Sagittarius','\"alpha\"','Music','https://cdn.acnh.host/assets/images/villager/NH-Kyle_poster.png'),
('Leonardo','Male','Jock','Tiger','May 15th','Taurus','\"flexin\"','Fitness','https://cdn.acnh.host/assets/images/villager/NH-Leonardo_poster.png'),
('Leopold','Male','Smug','Lion','August 14th','Leo','\"lion cub\"','Education','https://cdn.acnh.host/assets/images/villager/NH-Leopold_poster.png'),
('Lily','Female','Normal','Frog','February 4th','Aquarius','\"toady\"','Education','https://cdn.acnh.host/assets/images/villager/NH-Lily_poster.png'),
('Limberg','Male','Cranky','Mouse','October 17th','Libra','\"squinky\"','Education','https://cdn.acnh.host/assets/images/villager/NH-Limberg_poster.png'),
('Lionel','Male','Smug','Lion','July 29th','Leo','\"precisely\"','Music','https://cdn.acnh.host/assets/images/villager/NH-Lionel_poster.png'),
('Lobo','Male','Cranky','Wolf','November 5th','Scorpio','\"ah-rooooo\"','Education','https://cdn.acnh.host/assets/images/villager/NH-Lobo_poster.png'),
('Lolly','Female','Normal','Cat','March 27th','Aries','\"bonbon\"','Music','https://cdn.acnh.host/assets/images/villager/NH-Lolly_poster.png'),
('Lopez','Male','Smug','Deer','August 20th','Leo','\"buckaroo\"','Education','https://cdn.acnh.host/assets/images/villager/NH-Lopez_poster.png'),
('Louie','Male','Jock','Gorilla','March 26th','Aries','\"hoo hoo ha\"','Fitness','https://cdn.acnh.host/assets/images/villager/NH-Louie_poster.png'),
('Lucha','Male','Smug','Bird','December 12th','Sagittarius','\"cacaw\"','Fitness','https://cdn.acnh.host/assets/images/villager/NH-Lucha_poster.png'),
('Lucky','Male','Lazy','Dog','November 4th','Scorpio','\"rrr-owch\"','Play','https://cdn.acnh.host/assets/images/villager/NH-Lucky_poster.png'),
('Lucy','Female','Normal','Pig','June 2nd','Gemini','\"snoooink\"','Music','https://cdn.acnh.host/assets/images/villager/NH-Lucy_poster.png'),
('Lyman','Male','Jock','Koala','October 12th','Libra','\"chips\"','Play','https://cdn.acnh.host/assets/images/villager/NH-Lyman_poster.png'),
('Mac','Male','Jock','Dog','November 11th','Scorpio','\"woo woof\"','Fitness','https://cdn.acnh.host/assets/images/villager/NH-Mac_poster.png'),
('Maddie','Female','Peppy','Dog','January 11th','Capricorn','\"yippee\"','Fitness','https://cdn.acnh.host/assets/images/villager/NH-Maddie_poster.png'),
('Maelle','Female','Snooty','Duck','April 8th','Aries','\"duckling\"','Fashion','https://cdn.acnh.host/assets/images/villager/NH-Maelle_poster.png'),
('Maggie','Female','Normal','Pig','September 3rd','Virgo','\"schep\"','Nature','https://cdn.acnh.host/assets/images/villager/NH-Maggie_poster.png'),
('Mallary','Female','Snooty','Duck','November 17th','Scorpio','\"quackpth\"','Fashion','https://cdn.acnh.host/assets/images/villager/NH-Mallary_poster.png'),
('Maple','Female','Normal','Cub','June 15th','Gemini','\"honey\"','Education','https://cdn.acnh.host/assets/images/villager/NH-Maple_poster.png'),
('Marcel','Male','Lazy','Dog','December 31st','Capricorn','\"non\"','Play','https://cdn.acnh.host/assets/images/villager/NH-Marcel_poster.png'),
('Marcie','Female','Normal','Kangaroo','May 31st','Aries','\"pouches\"','Nature','https://cdn.acnh.host/assets/images/villager/NH-Marcie_poster.png'),
('Margie','Female','Normal','Elephant','January 28th','Aquarius','\"tootie\"','Education','https://cdn.acnh.host/assets/images/villager/NH-Margie_poster.png'),
('Marina','Female','Normal','Octupus','June 26th','Cancer','\"blurp\"','Music','https://cdn.acnh.host/assets/images/villager/NH-Marina_poster.png'),
('Marshal','Male','Smug','Squirrel','September 29th','Scorpio','\"sulky\"','Music','https://cdn.acnh.host/assets/images/villager/NH-Marshal_poster.png'),
('Mathilda','Female','Snooty','Kangaroo','November 12th','Scorpio','\"wee baby\"','Fitness','https://cdn.acnh.host/assets/images/villager/NH-Mathilda_poster.png'),
('Megan','Female','Normal','Bear','March 13th','Pisces','\"sundae\"','Nature','https://cdn.acnh.host/assets/images/villager/NH-Megan_poster.png'),
('Melba','Female','Normal','Koala','April 12th','Aries','\"toasty\"','Education','https://cdn.acnh.host/assets/images/villager/NH-Melba_poster.png'),
('Merengue','Female','Normal','Rhino','March 19th','Aries','\"shortcake\"','Nature','https://cdn.acnh.host/assets/images/villager/NH-Merengue_poster.png'),
('Merry','Female','Peppy','Cat','June 29th','Cancer','\"mweee\"','Fashion','https://cdn.acnh.host/assets/images/villager/NH-Merry_poster.png'),
('Midge','Female','Normal','Bird','March 12th','Pisces','\"tweedledee\"','Education','https://cdn.acnh.host/assets/images/villager/NH-Midge_poster.png'),
('Mint','Female','Snooty','Squirrel','May 2nd','Taurus','\"ahhhhhh\"','Fashion','https://cdn.acnh.host/assets/images/villager/NH-Mint_poster.png'),
('Mira','Female','Sisterly','Rabbit','July 6th','Cancer','\"cottontail\"','Fitness','https://cdn.acnh.host/assets/images/villager/NH-Mira_poster.png'),
('Miranda','Female','Snooty','Duck','April 23rd','Taurus','\"quackulous\"','Fashion','https://cdn.acnh.host/assets/images/villager/NH-Miranda_poster.png'),
('Mitzi','Female','Normal','Cat','September 25th','Libra','\"mew\"','Education','https://cdn.acnh.host/assets/images/villager/NH-Mitzi_poster.png'),
('Moe','Male','Lazy','Cat','January 12th','Capricorn','\"myawn\"','Play','https://cdn.acnh.host/assets/images/villager/NH-Moe_poster.png'),
('Molly','Female','Normal','Duck','March 7th','Pisces','\"quackidee\"','Nature','https://cdn.acnh.host/assets/images/villager/NH-Molly_poster.png'),
('Monique','Female','Snooty','Cat','September 30th','Libra','\"pffffft\"','Fashion','https://cdn.acnh.host/assets/images/villager/NH-Monique_poster.png'),
('Monty','Male','Cranky','Monkey','December 7th','Sagittarius','\"g''tang\"','Education','https://cdn.acnh.host/assets/images/villager/NH-Monty_poster.png'),
('Moose','Male','Jock','Mouse','September 13th','Virgo','\"shorty\"','Fitness','https://cdn.acnh.host/assets/images/villager/NH-Moose_poster.png'),
('Mott','Male','Jock','Lion','July 10th','Cancer','\"cagey\"','Fitness','https://cdn.acnh.host/assets/images/villager/NH-Mott_poster.png'),
('Muffy','Female','Sisterly','Sheep','February 14th','Aquarius','\"nightshade\"','Music','https://cdn.acnh.host/assets/images/villager/NH-Muffy_poster.png'),
('Murphy','Male','Cranky','Cub','December 29th','Capricorn','\"laddie\"','Education','https://cdn.acnh.host/assets/images/villager/NH-Murphy_poster.png'),
('Nan','Female','Normal','Goat','August 24th','Virgo','\"kid\"','Nature','https://cdn.acnh.host/assets/images/villager/NH-Nan_poster.png'),
('Nana','Female','Normal','Monkey','August 23rd','Leo','\"po po\"','Nature','https://cdn.acnh.host/assets/images/villager/NH-Nana_poster.png'),
('Naomi','Female','Snooty','Cow','February 28th','Pisces','\"moolah\"','Fashion','https://cdn.acnh.host/assets/images/villager/NH-Naomi_poster.png'),
('Nate','Male','Lazy','Bear','August 16th','Leo','\"yawwwn\"','Play','https://cdn.acnh.host/assets/images/villager/NH-Nate_poster.png'),
('Nibbles','Female','Peppy','Squirrel','July 19th','Cancer','\"niblet\"','Fashion','https://cdn.acnh.host/assets/images/villager/NH-Nibbles_poster.png'),
('Norma','Female','Normal','Cow','September 20th','Virgo','\"hoof hoo\"','Nature','https://cdn.acnh.host/assets/images/villager/NH-Norma_poster.png'),
('O''Hare','Male','Smug','Rabbit','July 24th','Leo','\"amigo\"','Nature','https://cdn.acnh.host/assets/images/villager/NH-O%27Hare_poster.png'),
('Octavian','Male','Cranky','Octupus','September 20th','Virgo','\"sucker\"','Play','https://cdn.acnh.host/assets/images/villager/NH-Octavian_poster.png'),
('Olaf','Male','Smug','Anteater','May 19th','Taurus','\"whiffa\"','Education','https://cdn.acnh.host/assets/images/villager/NH-Olaf_poster.png'),
('Olive','Female','Normal','Cub','July 12th','Cancer','\"sweet pea\"','Nature','https://cdn.acnh.host/assets/images/villager/NH-Olive_poster.png'),
('Olivia','Female','Snooty','Cat','February 3rd','Aquarius','\"purrr\"','Music','https://cdn.acnh.host/assets/images/villager/NH-Olivia_poster.png'),
('Opal','Female','Snooty','Elephant','January 20th','Capricorn','\"snoot\"','Fashion','https://cdn.acnh.host/assets/images/villager/NH-Opal_poster.png'),
('Ozzie','Male','Lazy','Koala','May 7th','Taurus','\"ol'' bear\"','Play','https://cdn.acnh.host/assets/images/villager/NH-Ozzie_poster.png'),
('Pancetti','Female','Snooty','Pig','November 14th','Scorpio','\"sooey\"','Music','https://cdn.acnh.host/assets/images/villager/NH-Pancetti_poster.png'),
('Pango','Female','Peppy','Anteater','November 9th','Scorpio','\"snooooof\"','Fashion','https://cdn.acnh.host/assets/images/villager/NH-Pango_poster.png'),
('Paolo','Male','Lazy','Elephant','May 5th','Taurus','\"pal\"','Nature','https://cdn.acnh.host/assets/images/villager/NH-Paolo_poster.png'),
('Papi','Male','Lazy','Horse','January 10th','Capricorn','\"haaay\"','Nature','https://cdn.acnh.host/assets/images/villager/NH-Papi_poster.png'),
('Pashmina','Female','Sisterly','Goat','December 26th','Capricorn','\"kidders\"','Music','https://cdn.acnh.host/assets/images/villager/NH-Pashmina_poster.png'),
('Pate','Female','Peppy','Duck','February 23rd','Pisces','\"quackle\"','Fashion','https://cdn.acnh.host/assets/images/villager/NH-Pate_poster.png'),
('Patty','Female','Peppy','Cow','May 10th','Taurus','\"how-now\"','Fashion','https://cdn.acnh.host/assets/images/villager/NH-Patty_poster.png'),
('Paula','Female','Sisterly','Bear','March 22nd','Aries','\"yodelay\"','Fitness','https://cdn.acnh.host/assets/images/villager/NH-Paula_poster.png'),
('Peaches','Female','Normal','Horse','November 28th','Sagittarius','\"neighbor\"','Education','https://cdn.acnh.host/assets/images/villager/NH-Peaches_poster.png'),
('Peanut','Female','Peppy','Squirrel','June 8th','Gemini','\"slacker\"','Fashion','https://cdn.acnh.host/assets/images/villager/NH-Peanut_poster.png'),
('Pecan','Female','Snooty','Squirrel','September 10th','Virgo','\"chipmunk\"','Fashion','https://cdn.acnh.host/assets/images/villager/NH-Pecan_poster.png'),
('Peck','Male','Jock','Bird','July 25th','Leo','\"crunch\"','Play','https://cdn.acnh.host/assets/images/villager/NH-Peck_poster.png'),
('Peewee','Male','Cranky','Gorilla','September 11th','Virgo','\"li''l dude\"','Fitness','https://cdn.acnh.host/assets/images/villager/NH-Peewee_poster.png'),
('Peggy','Female','Peppy','Pig','May 23rd','Gemini','\"shweetie\"','Fashion','https://cdn.acnh.host/assets/images/villager/NH-Peggy_poster.png'),
('Pekoe','Female','Normal','Cub','May 18th','Taurus','\"bud\"','Nature','https://cdn.acnh.host/assets/images/villager/NH-Pekoe_poster.png'),
('Penelope','Female','Peppy','Mouse','February 5th','Aquarius','\"oh bow\"','Fashion','https://cdn.acnh.host/assets/images/villager/NH-Penelope_poster.png'),
('Phil','Male','Smug','Ostrich','November 27th','Sagittarius','\"hurk\"','Music','https://cdn.acnh.host/assets/images/villager/NH-Phil_poster.png'),
('Phoebe','Female','Sisterly','Ostrich','April 22nd','Taurus','\"sparky\"','Fitness','https://cdn.acnh.host/assets/images/villager/NH-Phoebe_poster.png'),
('Pierce','Male','Jock','Eagle','January 8th','Capricorn','\"hawkeye\"','Fitness','https://cdn.acnh.host/assets/images/villager/NH-Pierce_poster.png'),
('Pietro','Male','Smug','Sheep','April 19th','Aries','\"honk honk\"','Music','https://cdn.acnh.host/assets/images/villager/NH-Pietro_poster.png'),
('Pinky','Female','Peppy','Bear','September 9th','Virgo','\"wah\"','Fashion','https://cdn.acnh.host/assets/images/villager/NH-Pinky_poster.png'),
('Piper','Female','Peppy','Bird','April 18th','Aries','\"chickadee\"','Play','https://cdn.acnh.host/assets/images/villager/NH-Piper_poster.png'),
('Pippy','Female','Peppy','Rabbit','June 14th','Gemini','\"li''l hare\"','Fashion','https://cdn.acnh.host/assets/images/villager/NH-Pippy_poster.png'),
('Plucky','Female','Sisterly','Chicken','October 12th','Libra','\"chicky-poo\"','Play','https://cdn.acnh.host/assets/images/villager/NH-Plucky_poster.png'),
('Pompom','Female','Peppy','Duck','February 11th','Aquarius','\"rah rah\"','Music','https://cdn.acnh.host/assets/images/villager/NH-Pompom_poster.png'),
('Poncho','Male','Jock','Cub','January 2nd','Capricorn','\"li''l bear\"','Fitness','https://cdn.acnh.host/assets/images/villager/NH-Poncho_poster.png'),
('Poppy','Female','Normal','Squirrel','August 5th','Leo','\"nutty\"','Education','https://cdn.acnh.host/assets/images/villager/NH-Poppy_poster.png'),
('Portia','Female','Snooty','Dog','October 25th','Scorpio','\"ruffian\"','Fashion','https://cdn.acnh.host/assets/images/villager/NH-Portia_poster.png'),
('Prince','Male','Lazy','Frog','July 21st','Cancer','\"burrup\"','Play','https://cdn.acnh.host/assets/images/villager/NH-Prince_poster.png'),
('Puck','Male','Lazy','Penguin','February 21st','Pisces','\"brrrrrrrrr\"','Fitness','https://cdn.acnh.host/assets/images/villager/NH-Puck_poster.png'),
('Puddles','Female','Peppy','Frog','January 13th','Capricorn','\"splish\"','Fashion','https://cdn.acnh.host/assets/images/villager/NH-Puddles_poster.png'),
('Pudge','Male','Lazy','Cub','June 11th','Gemini','\"pudgy\"','Play','https://cdn.acnh.host/assets/images/villager/NH-Pudge_poster.png'),
('Punchy','Male','Lazy','Cat','April 11th','Aries','\"mrmpht\"','Play','https://cdn.acnh.host/assets/images/villager/NH-Punchy_poster.png'),
('Purrl','Female','Snooty','Cat','May 29th','Gemini','\"kitten\"','Fashion','https://cdn.acnh.host/assets/images/villager/NH-Purrl_poster.png'),
('Queenie','Female','Snooty','Ostrich','November 13th','Scorpio','\"chicken\"','Fashion','https://cdn.acnh.host/assets/images/villager/NH-Queenie_poster.png'),
('Quillson','Male','Smug','Duck','December 22nd','Capricorn','\"ridukulous\"','Music','https://cdn.acnh.host/assets/images/villager/NH-Quillson_poster.png'),
('Raddle','Male','Lazy','Frog','June 6th','Gemini','\"aaach-\"','Nature','https://cdn.acnh.host/assets/images/villager/NH-Raddle_poster.png'),
('Rasher','Male','Cranky','Pig','April 7th','Aries','\"swine\"','Music','https://cdn.acnh.host/assets/images/villager/NH-Rasher_poster.png'),
('Raymond','Male','Smug','Cat','October 1st','Libra','\"crisp\"','Nature','https://cdn.acnh.host/assets/images/villager/NH-Raymond_poster.png'),
('Renée','Female','Sisterly','Rhino','May 28th','Gemini','\"yo yo yo\"','Music','https://cdn.acnh.host/assets/images/villager/NH-Ren%C3%A9e_poster.png'),
('Reneigh','Female','Sisterly','Horse','June 4th','Gemini','\"ayup\, yup\"','Play','https://cdn.acnh.host/assets/images/villager/NH-Reneigh_poster.png'),
('Rex','Male','Lazy','Lion','July 24th','Leo','\"cool cat\"','Nature','https://cdn.acnh.host/assets/images/villager/NH-Rex_poster.png'),
('Rhonda','Female','Normal','Rhino','January 24th','Aquarius','\"bigfoot\"','Music','https://cdn.acnh.host/assets/images/villager/NH-Rhonda_poster.png'),
('Ribbot','Male','Jock','Frog','February 13th','Aquarius','\"zzrrbbitt\"','Fitness','https://cdn.acnh.host/assets/images/villager/NH-Ribbot_poster.png'),
('Ricky','Male','Cranky','Squirrel','September 14th','Virgo','\"nutcase\"','Education','https://cdn.acnh.host/assets/images/villager/NH-Ricky_poster.png'),
('Rizzo','Male','Cranky','Mouse','January 17th','Capricorn','\"squee\"','Education','https://cdn.acnh.host/assets/images/villager/NH-Rizzo_poster.png'),
('Roald','Male','Jock','Penguin','January 5th','Capricorn','\"b-b-buddy\"','Fitness','https://cdn.acnh.host/assets/images/villager/NH-Roald_poster.png'),
('Robin','Female','Snooty','Bird','December 4th','Sagittarius','\"la-di-da\"','Fashion','https://cdn.acnh.host/assets/images/villager/NH-Robin_poster.png'),
('Rocco','Male','Cranky','Hippo','August 18th','Leo','\"hippie\"','Education','https://cdn.acnh.host/assets/images/villager/NH-Rocco_poster.png'),
('Rocket','Female','Sisterly','Gorilla','April 14th','Aries','\"vroom\"','Fitness','https://cdn.acnh.host/assets/images/villager/NH-Rocket_poster.png'),
('Rod','Male','Jock','Mouse','August 14th','Leo','\"ace\"','Fitness','https://cdn.acnh.host/assets/images/villager/NH-Rod_poster.png'),
('Rodeo','Male','Lazy','Bull','October 29th','Scorpio','\"chaps\"','Fitness','https://cdn.acnh.host/assets/images/villager/NH-Rodeo_poster.png'),
('Rodney','Male','Smug','Hamster','November 10th','Scorpio','\"le ham\"','Music','https://cdn.acnh.host/assets/images/villager/NH-Rodney_poster.png'),
('Rolf','Male','Cranky','Tiger','August 22nd','Leo','\"grrrolf\"','Fitness','https://cdn.acnh.host/assets/images/villager/NH-Rolf_poster.png'),
('Rooney','Male','Cranky','Kangaroo','December 1st','Sagittarius','\"punches\"','Fitness','https://cdn.acnh.host/assets/images/villager/NH-Rooney_poster.png'),
('Rory','Male','Jock','Lion','August 7th','Leo','\"capital\"','Music','https://cdn.acnh.host/assets/images/villager/NH-Rory_poster.png'),
('Roscoe','Male','Cranky','Horse','June 16th','Gemini','\"nay\"','Music','https://cdn.acnh.host/assets/images/villager/NH-Roscoe_poster.png'),
('Rosie','Female','Peppy','Cat','February 27th','Pisces','\"silly\"','Music','https://cdn.acnh.host/assets/images/villager/NH-Rosie_poster.png'),
('Rowan','Male','Jock','Tiger','August 26th','Virgo','\"mango\"','Fitness','https://cdn.acnh.host/assets/images/villager/NH-Rowan_poster.png'),
('Ruby','Female','Peppy','Rabbit','December 25th','Capricorn','\"li''l ears\"','Nature','https://cdn.acnh.host/assets/images/villager/NH-Ruby_poster.png'),
('Rudy','Male','Jock','Cat','December 20th','Sagittarius','\"mush\"','Play','https://cdn.acnh.host/assets/images/villager/NH-Rudy_poster.png'),
('Sally','Female','Normal','Squirrel','June 19th','Gemini','\"nutmeg\"','Music','https://cdn.acnh.host/assets/images/villager/NH-Sally_poster.png'),
('Samson','Male','Jock','Mouse','July 5th','Cancer','\"pipsqueak\"','Fitness','https://cdn.acnh.host/assets/images/villager/NH-Samson_poster.png'),
('Sandy','Female','Normal','Ostrich','October 21st','Libra','\"speedy\"','Nature','https://cdn.acnh.host/assets/images/villager/NH-Sandy_poster.png'),
('Savannah','Female','Normal','Horse','January 25th','Aquarius','\"y''all\"','Music','https://cdn.acnh.host/assets/images/villager/NH-Savannah_poster.png'),
('Scoot','Male','Jock','Duck','June 13th','Gemini','\"zip zoom\"','Fitness','https://cdn.acnh.host/assets/images/villager/NH-Scoot_poster.png'),
('Shari','Female','Sisterly','Monkey','April 10th','Aries','\"cheeky\"','Music','https://cdn.acnh.host/assets/images/villager/NH-Shari_poster.png'),
('Sheldon','Male','Jock','Squirrel','February 26th','Pisces','\"cardio\"','Play','https://cdn.acnh.host/assets/images/villager/NH-Sheldon_poster.png'),
('Shep','Male','Smug','Dog','November 24th','Sagittarius','\"baa baa baa\"','Education','https://cdn.acnh.host/assets/images/villager/NH-Shep_poster.png'),
('Sherb','Male','Lazy','Goat','January 18th','Capricorn','\"bawwww\"','Nature','https://cdn.acnh.host/assets/images/villager/Sherb_Poster_NH.png'),
('Simon','Male','Lazy','Monkey','January 19th','Capricorn','\"zzzook\"','Play','https://cdn.acnh.host/assets/images/villager/NH-Simon_poster.png'),
('Skye','Female','Normal','Wolf','March 24th','Aries','\"airmail\"','Music','https://cdn.acnh.host/assets/images/villager/NH-Skye_poster.png'),
('Sly','Male','Jock','Alligator','November 15th','Scorpio','\"hoo-rah\"','Play','https://cdn.acnh.host/assets/images/villager/NH-Sly_poster.png'),
('Snake','Male','Jock','Rabbit','November 3rd','Scorpio','\"bunyip\"','Fitness','https://cdn.acnh.host/assets/images/villager/NH-Snake_poster.png'),
('Snooty','Female','Snooty','Anteater','August 24th','Virgo','\"snifffff\"','Education','https://cdn.acnh.host/assets/images/villager/NH-Snooty_poster.png'),
('Soleil','Female','Snooty','Hamster','August 9th','Leo','\"tarnation\"','Education','https://cdn.acnh.host/assets/images/villager/NH-Soleil_poster.png'),
('Sparro','Male','Jock','Bird','November 20th','Scorpio','\"like whoa\"','Play','https://cdn.acnh.host/assets/images/villager/NH-Sparro_poster.png'),
('Spike','Male','Cranky','Rhino','June 17th','Gemini','\"punk\"','Nature','https://cdn.acnh.host/assets/images/villager/NH-Spike_poster.png'),
('Spork','Male','Lazy','Pig','September 3rd','Virgo','\"snork\"','Play','https://cdn.acnh.host/assets/images/villager/NH-Spork_poster.png'),
('Sprinkle','Female','Peppy','Penguin','February 20th','Pisces','\"frappe\"','Play','https://cdn.acnh.host/assets/images/villager/NH-Sprinkle_poster.png'),
('Sprocket','Male','Jock','Ostrich','December 1st','Sagittarius','\"zort\"','Music','https://cdn.acnh.host/assets/images/villager/NH-Sprocket_poster.png'),
('Static','Male','Cranky','Squirrel','July 9th','Cancer','\"krzzt\"','Music','https://cdn.acnh.host/assets/images/villager/NH-Static_poster.png'),
('Stella','Female','Normal','Sheep','April 9th','Aries','\"baa-dabing\"','Nature','https://cdn.acnh.host/assets/images/villager/NH-Stella_poster.png'),
('Sterling','Male','Jock','Eagle','December 11th','Sagittarius','\"skraaaaw\"','Fitness','https://cdn.acnh.host/assets/images/villager/NH-Sterling_poster.png'),
('Stinky','Male','Jock','Cat','August 17th','Leo','\"GAHHHH\"','Fitness','https://cdn.acnh.host/assets/images/villager/NH-Stinky_poster.png'),
('Stitches','Male','Lazy','Cub','February 10th','Aquarius','\"stuffin''\"','Play','https://cdn.acnh.host/assets/images/villager/NH-Stitches_poster.png'),
('Stu','Male','Lazy','Bull','April 20th','Aries','\"moo-dude\"','Nature','https://cdn.acnh.host/assets/images/villager/NH-Stu_poster.png'),
('Sydney','Female','Normal','Koala','June 21st','Gemini','\"sunshine\"','Music','https://cdn.acnh.host/assets/images/villager/NH-Sydney_poster.png'),
('Sylvana','Female','Normal','Squirrel','October 22nd','Libra','\"hubbub\"','Nature','https://cdn.acnh.host/assets/images/villager/NH-Sylvana_poster.png'),
('Sylvia','Female','Sisterly','Kangaroo','May 3rd','Taurus','\"boing\"','Music','https://cdn.acnh.host/assets/images/villager/NH-Sylvia_poster.png'),
('T-Bone','Male','Cranky','Bull','May 20th','Taurus','\"moocher\"','Education','https://cdn.acnh.host/assets/images/villager/NH-T-Bone_poster.png'),
('Tabby','Female','Peppy','Cat','August 13th','Leo','\"me-WOW\"','Music','https://cdn.acnh.host/assets/images/villager/NH-Tabby_poster.png'),
('Tad','Male','Jock','Frog','August 3rd','Leo','\"sluuuurp\"','Play','https://cdn.acnh.host/assets/images/villager/NH-Tad_poster.png'),
('Tammi','Female','Peppy','Monkey','April 2nd','Aries','\"chimpy\"','Fashion','https://cdn.acnh.host/assets/images/villager/NH-Tammi_poster.png'),
('Tammy','Female','Sisterly','Cub','June 23rd','Cancer','\"ya heard\"','Play','https://cdn.acnh.host/assets/images/villager/NH-Tammy_poster.png'),
('Tangy','Female','Peppy','Cat','June 17th','Gemini','\"reeeeOWR\"','Music','https://cdn.acnh.host/assets/images/villager/NH-Tangy_poster.png'),
('Tank','Male','Jock','Rhino','May 6th','Taurus','\"kerPOW\"','Fitness','https://cdn.acnh.host/assets/images/villager/NH-Tank_poster.png'),
('Tasha','Female','Snooty','Squirrel','November 30th','Sagittarius','\"nice nice\"','Fitness','https://cdn.acnh.host/assets/images/villager/NH-Tasha_poster.png'),
('Teddy','Male','Jock','Bear','September 26th','Libra','\"grooof\"','Fitness','https://cdn.acnh.host/assets/images/villager/NH-Teddy_poster.png'),
('Tex','Male','Smug','Penguin','October 6th','Libra','\"pincante\"','Music','https://cdn.acnh.host/assets/images/villager/NH-Tex_poster.png'),
('Tia','Female','Normal','Elephant','November 18th','Scorpio','\"teacup\"','Nature','https://cdn.acnh.host/assets/images/villager/NH-Tia_poster.png'),
('Tiffany','Female','Snooty','Rabbit','January 9th','Capricorn','\"bun bun\"','Fashion','https://cdn.acnh.host/assets/images/villager/NH-Tiffany_poster.png'),
('Timbra','Female','Snooty','Sheep','October 21st','Libra','\"pine nut\"','Education','https://cdn.acnh.host/assets/images/villager/NH-Timbra_poster.png'),
('Tipper','Female','Snooty','Cow','August 25th','Virgo','\"pushy\"','Fashion','https://cdn.acnh.host/assets/images/villager/NH-Tipper_poster.png'),
('Tom','Male','Cranky','Cat','December 10th','Sagittarius','\"me-YOWZA\"','Education','https://cdn.acnh.host/assets/images/villager/NH-Tom_poster.png'),
('Truffles','Female','Peppy','Pig','July 28th','Leo','\"snoutie\"','Fashion','https://cdn.acnh.host/assets/images/villager/NH-Truffles_poster.png'),
('Tucker','Male','Lazy','Elephant','September 7th','Virgo','\"fuzzers\"','Nature','https://cdn.acnh.host/assets/images/villager/NH-Tucker_poster.png'),
('Tutu','Female','Peppy','Bear','November 15th','Scorpio','\"twinkles\"','Fashion','https://cdn.acnh.host/assets/images/villager/NH-Tutu_poster.png'),
('Twiggy','Female','Peppy','Bird','July 13th','Cancer','\"cheepers\"','Fashion','https://cdn.acnh.host/assets/images/villager/NH-Twiggy_poster.pngrevision/'),
('Tybalt','Male','Jock','Tiger','August 19th','Leo','\"grrRAH\"','Play','https://cdn.acnh.host/assets/images/villager/NH-Tybalt_poster.png'),
('Ursula','Female','Sisterly','Bear','January 16th','Capricorn','\"grooomph\"','Music','https://cdn.acnh.host/assets/images/villager/NH-Ursala_poster.png'),
('Velma','Female','Snooty','Goat','January 14th','Capricorn','\"blih\"','Education','https://cdn.acnh.host/assets/images/villager/NH-Velma_poster.png'),
('Vesta','Female','Normal','Sheep','April 16th','Aries','\"baaaffo\"','Fashion','https://cdn.acnh.host/assets/images/villager/NH-Vesta_poster.png'),
('Vic','Male','Cranky','Bull','December 29th','Capricorn','\"cud\"','Fitness','https://cdn.acnh.host/assets/images/villager/NH-Vic_poster.png'),
('Victoria','Female','Peppy','Horse','July 11th','Cancer','\"sugar cube\"','Fitness','https://cdn.acnh.host/assets/images/villager/NH-Victoria_poster.png'),
('Violet','Female','Snooty','Gorilla','September 1st','Virgo','\"sweetie\"','Fitness','https://cdn.acnh.host/assets/images/villager/NH-Violet_poster.png'),
('Vivian','Female','Snooty','Wolf','January 26th','Aquarius','\"piffle\"','Education','https://cdn.acnh.host/assets/images/villager/NH-Vivian_poster.png'),
('Vladimir','Male','Cranky','Cub','August 2nd','Leo','\"nyet\"','Play','https://cdn.acnh.host/assets/images/villager/NH-Vladimir_poster.png'),
('Wade','Male','Lazy','Penguin','October 30th','Scorpio','\"so it goes\"','Nature','https://cdn.acnh.host/assets/images/villager/NH-Wade_poster.png'),
('Walker','Male','Lazy','Dog','June 10th','Gemini','\"wuh\"','Play','https://cdn.acnh.host/assets/images/villager/NH-Walker_poster.png'),
('Walt','Male','Cranky','Kangaroo','April 24th','Taurus','\"pockets\"','Fitness','https://cdn.acnh.host/assets/images/villager/NH-Walt_poster.png'),
('Wart Jr.','Male','Cranky','Frog','August 21st','Leo','\"grr-ribbit\"','Education','https://cdn.acnh.host/assets/images/villager/NH-WartJr_poster.png'),
('Weber','Male','Lazy','Duck','June 30th','Cancer','\"quaa\"','Nature','https://cdn.acnh.host/assets/images/villager/NH-Weber_poster.png'),
('Wendy','Female','Peppy','Sheep','August 15th','Leo','\"lambkins\"','Fashion','https://cdn.acnh.host/assets/images/villager/NH-Wendy_poster.png'),
('Whitney','Female','Snooty','Wolf','September 17th','Virgo','\"snappy\"','Fashion','https://cdn.acnh.host/assets/images/villager/NH-Whitney_poster.png'),
('Willow','Female','Snooty','Sheep','November 26th','Sagittarius','\"bo peep\"','Fashion','https://cdn.acnh.host/assets/images/villager/NH-Willow_poster.png'),
('Winnie','Female','Peppy','Horse','January 31st','Aquarius','\"hay-OK\"','Fashion','https://cdn.acnh.host/assets/images/villager/NH-Winnie_poster.png'),
('Wolfgang','Male','Cranky','Wolf','November 25th','Sagittarius','\"snarrrl\"','Education','https://cdn.acnh.host/assets/images/villager/NH-Wolfgang_poster.png'),
('Yuka','Female','Snooty','Koala','July 20th','Cancer','\"tsk tsk\"','Fashion','https://cdn.acnh.host/assets/images/villager/NH-Yuka_poster.png'),
('Zell','Male','Smug','Deer','June 7th','Gemini','\"pronk\"','Music','https://cdn.acnh.host/assets/images/villager/NH-Zell_poster.png');